Cboe data is compiled for the convenience of site visitors and is furnished without responsibility for accuracy and is accepted by the site visitor on the condition that transmission or omissions shall not be made the basis for any claim demand or cause for action. The information and data was obtained from sources believed to be reliable but accuracy is not guaranteed. Your use of Cboe data is subject to the Terms and Conditions of Cboe Websites.,
Date,VVIX
1/3/2007,87.63
1/4/2007,88.19
1/5/2007,90.17
1/8/2007,92.04
1/9/2007,92.76
1/10/2007,93.78
1/11/2007,85.97
1/12/2007,85.18
1/16/2007,85.3
1/17/2007,84.93
1/18/2007,83.66
1/19/2007,82.49
1/22/2007,84.43
1/23/2007,81.48
1/24/2007,77.51
1/25/2007,80.45
1/26/2007,81.36
1/29/2007,81.68
1/30/2007,78.9
1/31/2007,77.28
2/1/2007,73.5
2/2/2007,72.44
2/5/2007,70.29
2/6/2007,68.55
2/7/2007,70.32
2/8/2007,73.18
2/9/2007,74.39
2/12/2007,79.12
2/13/2007,75.72
2/14/2007,74
2/15/2007,70.34
2/16/2007,70.74
2/20/2007,65.87
2/21/2007,67.37
2/22/2007,66.05
2/23/2007,70.71
2/26/2007,70.33
2/27/2007,110.42
2/28/2007,91.64
3/1/2007,99.47
3/2/2007,104.17
3/5/2007,101.2
3/6/2007,93.65
3/7/2007,94.41
3/8/2007,93.97
3/9/2007,91.82
3/12/2007,90.02
3/13/2007,94.53
3/14/2007,98.08
3/15/2007,99.55
3/16/2007,102.74
3/19/2007,93.9
3/20/2007,89.55
3/21/2007,94.13
3/22/2007,95.52
3/23/2007,96.37
3/26/2007,95.95
3/27/2007,101
3/28/2007,104.79
3/29/2007,102.31
3/30/2007,99.78
4/2/2007,98.92
4/3/2007,94.98
4/4/2007,96.12
4/5/2007,93.6
4/9/2007,92.3
4/10/2007,87.37
4/11/2007,93.47
4/12/2007,91.38
4/13/2007,88.71
4/16/2007,83.98
4/17/2007,83.68
4/18/2007,80.59
4/19/2007,77.91
4/20/2007,79.18
4/23/2007,79.33
4/24/2007,77.83
4/25/2007,80.79
4/26/2007,81.67
4/27/2007,80.66
4/30/2007,85.33
5/1/2007,81.28
5/2/2007,82.59
5/3/2007,78.81
5/4/2007,77.1
5/7/2007,78.51
5/8/2007,79.9
5/9/2007,85.89
5/10/2007,83.58
5/11/2007,79.47
5/14/2007,82.02
5/15/2007,76.68
5/16/2007,70.26
5/17/2007,72.94
5/18/2007,75.43
5/21/2007,71.82
5/22/2007,72.36
5/23/2007,71.44
5/24/2007,74.36
5/25/2007,72.42
5/29/2007,72.48
5/30/2007,71.61
5/31/2007,72.2
6/1/2007,70.19
6/4/2007,70.74
6/5/2007,69.24
6/6/2007,72.06
6/7/2007,75.83
6/8/2007,70.69
6/11/2007,68.73
6/12/2007,69.48
6/13/2007,68.81
6/14/2007,63.52
6/15/2007,64.03
6/18/2007,66.76
6/19/2007,67.24
6/20/2007,76.8
6/21/2007,74.76
6/22/2007,78.35
6/25/2007,78.07
6/26/2007,82.01
6/27/2007,78.48
6/28/2007,76.04
6/29/2007,76.94
7/2/2007,75.56
7/3/2007,74.63
7/5/2007,75.86
7/6/2007,74.85
7/9/2007,73.05
7/10/2007,79.99
7/11/2007,81.55
7/12/2007,76.6
7/13/2007,76.65
7/16/2007,72.56
7/17/2007,72.41
7/18/2007,73.57
7/19/2007,72.02
7/20/2007,73.76
7/23/2007,74.56
7/24/2007,79.32
7/25/2007,75.31
7/26/2007,87.38
7/27/2007,97.23
7/30/2007,97.45
7/31/2007,104.08
8/1/2007,108.86
8/2/2007,100.8
8/3/2007,104.05
8/6/2007,95.22
8/7/2007,85.96
8/8/2007,82.52
8/9/2007,99.87
8/10/2007,108.91
8/13/2007,108.57
8/14/2007,114.96
8/15/2007,121.67
8/16/2007,142.99
8/17/2007,133.87
8/20/2007,125.04
8/21/2007,122.6
8/22/2007,117.47
8/23/2007,117.42
8/24/2007,111.95
8/27/2007,115.24
8/28/2007,119.79
8/29/2007,113.22
8/30/2007,112.66
8/31/2007,109.27
9/4/2007,104.87
9/5/2007,107.91
9/6/2007,106.6
9/7/2007,108.22
9/10/2007,107.07
9/11/2007,103.75
9/12/2007,106.95
9/13/2007,104.63
9/14/2007,104.39
9/17/2007,102.22
9/18/2007,92.33
9/19/2007,97.7
9/20/2007,97.38
9/21/2007,98.14
9/24/2007,94.27
9/25/2007,94.33
9/26/2007,89.49
9/27/2007,87.57
9/28/2007,87.13
10/1/2007,84.48
10/2/2007,88.74
10/3/2007,87.65
10/4/2007,89.38
10/5/2007,83.91
10/8/2007,84.96
10/9/2007,79.93
10/10/2007,87.46
10/11/2007,95.78
10/12/2007,90.63
10/15/2007,86.18
10/16/2007,91.47
10/17/2007,89.48
10/18/2007,83.37
10/19/2007,91.56
10/22/2007,88.17
10/23/2007,86.42
10/24/2007,89.14
10/25/2007,90.82
10/26/2007,95.36
10/29/2007,95.01
10/30/2007,100.37
10/31/2007,93.62
11/1/2007,97.53
11/2/2007,97.46
11/5/2007,97.29
11/6/2007,92.7
11/7/2007,98.17
11/8/2007,97.36
11/9/2007,97.86
11/12/2007,98.09
11/13/2007,92.58
11/14/2007,94.39
11/15/2007,92.96
11/16/2007,92.8
11/19/2007,91.13
11/20/2007,91.34
11/21/2007,94.49
11/23/2007,89.62
11/26/2007,91.55
11/27/2007,90.7
11/28/2007,91.62
11/29/2007,91.08
11/30/2007,88.88
12/3/2007,87.45
12/4/2007,86.85
12/5/2007,83.08
12/6/2007,81.51
12/7/2007,82.47
12/10/2007,81.5
12/11/2007,82.58
12/12/2007,89.41
12/13/2007,88.19
12/14/2007,85.82
12/17/2007,85.38
12/18/2007,80.83
12/19/2007,83.47
12/20/2007,79.44
12/21/2007,82.87
12/24/2007,79.85
12/26/2007,80.79
12/27/2007,84.36
12/28/2007,84.03
12/31/2007,82.19
1/2/2008,80.58
1/3/2008,79.33
1/4/2008,81.46
1/7/2008,79.51
1/8/2008,79.59
1/9/2008,89.37
1/10/2008,84.98
1/11/2008,84.66
1/14/2008,86.96
1/15/2008,81.13
1/16/2008,80.51
1/17/2008,84.99
1/18/2008,77.24
1/22/2008,86.58
1/23/2008,82.68
1/24/2008,81.31
1/25/2008,79
1/28/2008,76.43
1/29/2008,77.46
1/30/2008,76.41
1/31/2008,75.21
2/1/2008,73.94
2/4/2008,73.9
2/5/2008,75.06
2/6/2008,74.63
2/7/2008,72
2/8/2008,72.6
2/11/2008,71.41
2/12/2008,72.52
2/13/2008,71.44
2/14/2008,69.23
2/15/2008,74.72
2/19/2008,69.6
2/20/2008,71.29
2/21/2008,69.65
2/22/2008,65.47
2/25/2008,68.92
2/26/2008,68.59
2/27/2008,67.56
2/28/2008,66.61
2/29/2008,69.81
3/3/2008,71.02
3/4/2008,69.95
3/5/2008,68.51
3/6/2008,74.53
3/7/2008,76.02
3/10/2008,77.45
3/11/2008,73.76
3/12/2008,73.94
3/13/2008,75.56
3/14/2008,80.99
3/17/2008,80.71
3/18/2008,72.97
3/19/2008,70.5
3/20/2008,66.97
3/24/2008,68.82
3/25/2008,68.65
3/26/2008,69.56
3/27/2008,69
3/28/2008,68.79
3/31/2008,67.64
4/1/2008,66.96
4/2/2008,67.61
4/3/2008,66.11
4/4/2008,64.56
4/7/2008,67.4
4/8/2008,67.3
4/9/2008,75.24
4/10/2008,75.47
4/11/2008,74.74
4/14/2008,72.39
4/15/2008,68.15
4/16/2008,66.36
4/17/2008,65.09
4/18/2008,62.09
4/21/2008,63.43
4/22/2008,62.84
4/23/2008,59.74
4/24/2008,62.75
4/25/2008,65.99
4/28/2008,66.48
4/29/2008,65.42
4/30/2008,64.69
5/1/2008,63.06
5/2/2008,63.68
5/5/2008,70.1
5/6/2008,69.04
5/7/2008,72.82
5/8/2008,73.45
5/9/2008,73.79
5/12/2008,72
5/13/2008,68.62
5/14/2008,71.18
5/15/2008,71.16
5/16/2008,75.77
5/19/2008,76.63
5/20/2008,79.8
5/21/2008,80.12
5/22/2008,83.62
5/23/2008,79.63
5/27/2008,79.35
5/28/2008,77.7
5/29/2008,74.2
5/30/2008,73.46
6/2/2008,78.6
6/3/2008,79.72
6/4/2008,81.04
6/5/2008,79.35
6/6/2008,88.78
6/9/2008,92.23
6/10/2008,91.98
6/11/2008,93.87
6/12/2008,92.41
6/13/2008,86.91
6/16/2008,84.17
6/17/2008,80.89
6/18/2008,81.56
6/19/2008,77.91
6/20/2008,78.35
6/23/2008,78.37
6/24/2008,77.41
6/25/2008,76.01
6/26/2008,79.87
6/27/2008,79.54
6/30/2008,79.66
7/1/2008,79.44
7/2/2008,79.19
7/3/2008,76.44
7/7/2008,75.43
7/8/2008,76.03
7/9/2008,81.69
7/10/2008,79.94
7/11/2008,77.18
7/14/2008,78.83
7/15/2008,73.07
7/16/2008,73.22
7/17/2008,72.46
7/18/2008,70.29
7/21/2008,71.6
7/22/2008,68.39
7/23/2008,67.25
7/24/2008,74.9
7/25/2008,73.7
7/28/2008,74.9
7/29/2008,71.03
7/30/2008,67.21
7/31/2008,72.95
8/1/2008,72.73
8/4/2008,73.17
8/5/2008,70.28
8/6/2008,71.6
8/7/2008,73.11
8/8/2008,73.05
8/11/2008,75.59
8/12/2008,72.4
8/13/2008,79.41
8/14/2008,74.37
8/15/2008,74.1
8/18/2008,72.85
8/19/2008,77.5
8/20/2008,73.42
8/21/2008,73.75
8/22/2008,73.56
8/25/2008,77.03
8/26/2008,73.14
8/27/2008,72
8/28/2008,68.05
8/29/2008,68.07
9/2/2008,69.65
9/3/2008,69.93
9/4/2008,72.38
9/5/2008,70.39
9/8/2008,67.94
9/9/2008,70.68
9/10/2008,70.63
9/11/2008,71.03
9/12/2008,70.26
9/15/2008,79.37
9/16/2008,74.38
9/17/2008,93.04
9/18/2008,89.33
9/19/2008,79.37
9/22/2008,83.92
9/23/2008,84.77
9/24/2008,86.66
9/25/2008,82.96
9/26/2008,87.81
9/29/2008,99.86
9/30/2008,92.23
10/1/2008,89.76
10/2/2008,95.29
10/3/2008,94.68
10/6/2008,104.82
10/7/2008,106.47
10/8/2008,104.99
10/9/2008,108.05
10/10/2008,116
10/13/2008,110.07
10/14/2008,105.64
10/15/2008,114.93
10/16/2008,119.48
10/17/2008,117.45
10/20/2008,115.98
10/21/2008,114.28
10/22/2008,123.31
10/23/2008,121.61
10/24/2008,128.09
10/27/2008,134.87
10/28/2008,127.46
10/29/2008,124.73
10/30/2008,121.52
10/31/2008,116.94
11/3/2008,116.19
11/4/2008,116.29
11/5/2008,117.03
11/6/2008,125
11/7/2008,116.37
11/10/2008,116.53
11/11/2008,114.11
11/12/2008,123.26
11/13/2008,117.12
11/14/2008,118.34
11/17/2008,115.1
11/18/2008,106.9
11/19/2008,102.48
11/20/2008,106.71
11/21/2008,99.48
11/24/2008,92.31
11/25/2008,90.28
11/26/2008,89.32
11/28/2008,88.41
12/1/2008,90.49
12/2/2008,87.08
12/3/2008,84.72
12/4/2008,83.94
12/5/2008,82.9
12/8/2008,82.1
12/9/2008,80.75
12/10/2008,86.46
12/11/2008,88.68
12/12/2008,86.27
12/15/2008,82.03
12/16/2008,79.99
12/17/2008,75.17
12/18/2008,81.26
12/19/2008,87.69
12/22/2008,87.04
12/23/2008,86.39
12/24/2008,85.1
12/26/2008,83.74
12/29/2008,83.96
12/30/2008,80.89
12/31/2008,85.6
1/2/2009,84.41
1/5/2009,90.89
1/6/2009,90.33
1/7/2009,93.99
1/8/2009,93.14
1/9/2009,91.52
1/12/2009,93.26
1/13/2009,92.5
1/14/2009,99.88
1/15/2009,96.44
1/16/2009,98.79
1/20/2009,104.02
1/21/2009,100.81
1/22/2009,98.87
1/23/2009,95.7
1/26/2009,96.17
1/27/2009,95.48
1/28/2009,98.22
1/29/2009,98.98
1/30/2009,98.72
2/2/2009,96.48
2/3/2009,92.25
2/4/2009,91.57
2/5/2009,92.26
2/6/2009,94.01
2/9/2009,94.38
2/10/2009,95.98
2/11/2009,94.67
2/12/2009,91.04
2/13/2009,91.93
2/17/2009,95.07
2/18/2009,89.11
2/19/2009,88.27
2/20/2009,90.66
2/23/2009,93.02
2/24/2009,89.13
2/25/2009,88.93
2/26/2009,89.37
2/27/2009,91.08
3/2/2009,93.86
3/3/2009,90.75
3/4/2009,85.6
3/5/2009,89.88
3/6/2009,88.26
3/9/2009,90.09
3/10/2009,85.36
3/11/2009,85.35
3/12/2009,81.81
3/13/2009,78.13
3/16/2009,80.07
3/17/2009,75.21
3/18/2009,74.8
3/19/2009,73.56
3/20/2009,73.11
3/23/2009,71.39
3/24/2009,70.16
3/25/2009,71.76
3/26/2009,70.97
3/27/2009,71.68
3/30/2009,74.68
3/31/2009,72.71
4/1/2009,70.39
4/2/2009,69.61
4/3/2009,67.86
4/6/2009,68.26
4/7/2009,66.39
4/8/2009,68.72
4/9/2009,65.22
4/13/2009,67.51
4/14/2009,65.79
4/15/2009,64.95
4/16/2009,69.72
4/17/2009,68.92
4/20/2009,75.48
4/21/2009,75.48
4/22/2009,75.52
4/23/2009,72.81
4/24/2009,72.04
4/27/2009,74.16
4/28/2009,74.22
4/29/2009,72.12
4/30/2009,71.42
5/1/2009,69.82
5/4/2009,70.36
5/5/2009,70.77
5/6/2009,71.15
5/7/2009,72.79
5/8/2009,74.66
5/11/2009,76.86
5/12/2009,77.53
5/13/2009,81.87
5/14/2009,79.38
5/15/2009,80.29
5/18/2009,76.41
5/19/2009,74.4
5/20/2009,77.45
5/21/2009,84.69
5/22/2009,87.28
5/26/2009,91.23
5/27/2009,90.86
5/28/2009,88.19
5/29/2009,83.91
6/1/2009,84.23
6/2/2009,83.82
6/3/2009,84.89
6/4/2009,81.26
6/5/2009,82.11
6/8/2009,82.69
6/9/2009,81.64
6/10/2009,86.92
6/11/2009,85.22
6/12/2009,85.43
6/15/2009,85.05
6/16/2009,88.49
6/17/2009,86.49
6/18/2009,83.87
6/19/2009,84.15
6/22/2009,86.1
6/23/2009,85.64
6/24/2009,83.96
6/25/2009,82.57
6/26/2009,77.6
6/29/2009,79.69
6/30/2009,79.6
7/1/2009,79.68
7/2/2009,81.32
7/6/2009,83.2
7/7/2009,85.63
7/8/2009,86.17
7/9/2009,82.88
7/10/2009,81.42
7/13/2009,80.58
7/14/2009,81.52
7/15/2009,85.64
7/16/2009,83.64
7/17/2009,82.49
7/20/2009,80.98
7/21/2009,80.45
7/22/2009,75.3
7/23/2009,72.8
7/24/2009,73.01
7/27/2009,74.35
7/28/2009,76.68
7/29/2009,77.1
7/30/2009,73.88
7/31/2009,73.47
8/3/2009,72.79
8/4/2009,71.05
8/5/2009,70.13
8/6/2009,73.17
8/7/2009,71.53
8/10/2009,72.59
8/11/2009,75.6
8/12/2009,81.28
8/13/2009,79.96
8/14/2009,80.45
8/17/2009,84.22
8/18/2009,81.11
8/19/2009,76.32
8/20/2009,76.7
8/21/2009,76.55
8/24/2009,78.47
8/25/2009,77.76
8/26/2009,77.97
8/27/2009,75.59
8/28/2009,74.41
8/31/2009,77.12
9/1/2009,81
9/2/2009,77.07
9/3/2009,75.48
9/4/2009,77.51
9/8/2009,75.69
9/9/2009,76.17
9/10/2009,71.39
9/11/2009,72.36
9/14/2009,71.14
9/15/2009,72.25
9/16/2009,71.7
9/17/2009,69.36
9/18/2009,70.39
9/21/2009,71
9/22/2009,68.26
9/23/2009,68.18
9/24/2009,70.78
9/25/2009,71.74
9/28/2009,70.54
9/29/2009,68.99
9/30/2009,71.32
10/1/2009,76.25
10/2/2009,76.13
10/5/2009,73.56
10/6/2009,71.5
10/7/2009,71.01
10/8/2009,68.1
10/9/2009,65.54
10/12/2009,64.97
10/13/2009,64.97
10/14/2009,68.84
10/15/2009,67.07
10/16/2009,69.85
10/19/2009,67.76
10/20/2009,68.63
10/21/2009,78.16
10/22/2009,77.6
10/23/2009,79.88
10/26/2009,82.28
10/27/2009,80.41
10/28/2009,85.43
10/29/2009,78.1
10/30/2009,89.9
11/2/2009,91.98
11/3/2009,90.16
11/4/2009,85.97
11/5/2009,79.1
11/6/2009,73.72
11/9/2009,68.83
11/10/2009,68.49
11/11/2009,73.05
11/12/2009,80.77
11/13/2009,80.28
11/16/2009,83.31
11/17/2009,83.97
11/18/2009,79.15
11/19/2009,79.27
11/20/2009,75.56
11/23/2009,75.84
11/24/2009,75.05
11/25/2009,73.91
11/27/2009,83.24
11/30/2009,81.58
12/1/2009,80.74
12/2/2009,78.26
12/3/2009,78.52
12/4/2009,77.18
12/7/2009,77.75
12/8/2009,79.57
12/9/2009,84.93
12/10/2009,84.56
12/11/2009,82.87
12/14/2009,81.64
12/15/2009,80.99
12/16/2009,82.05
12/17/2009,83.56
12/18/2009,81.75
12/21/2009,79.62
12/22/2009,71.45
12/23/2009,69.81
12/24/2009,68.81
12/28/2009,69.89
12/29/2009,69.1
12/30/2009,70.36
12/31/2009,74.99
1/4/2010,73.3
1/5/2010,70.36
1/6/2010,67.65
1/7/2010,67.15
1/8/2010,65.71
1/11/2010,64.87
1/12/2010,70.42
1/13/2010,75.53
1/14/2010,74.52
1/15/2010,74.27
1/19/2010,73.5
1/20/2010,80.36
1/21/2010,88.82
1/22/2010,100.06
1/25/2010,90.58
1/26/2010,90.04
1/27/2010,85.86
1/28/2010,87.91
1/29/2010,89
2/1/2010,83.73
2/2/2010,80.98
2/3/2010,80.55
2/4/2010,91.42
2/5/2010,88.22
2/8/2010,90.01
2/9/2010,88.8
2/10/2010,92.18
2/11/2010,89.59
2/12/2010,88.16
2/16/2010,81.77
2/17/2010,80.29
2/18/2010,79.2
2/19/2010,77.97
2/22/2010,75.44
2/23/2010,77.82
2/24/2010,75.93
2/25/2010,75.3
2/26/2010,73.13
3/1/2010,73.24
3/2/2010,73.43
3/3/2010,72.61
3/4/2010,70.51
3/5/2010,71.06
3/8/2010,70.9
3/9/2010,71.49
3/10/2010,76.2
3/11/2010,76.16
3/12/2010,73.74
3/15/2010,75.22
3/16/2010,76.41
3/17/2010,73.16
3/18/2010,76.46
3/19/2010,76.68
3/22/2010,77.75
3/23/2010,78.31
3/24/2010,80.68
3/25/2010,83.82
3/26/2010,81.56
3/29/2010,78.75
3/30/2010,76.91
3/31/2010,77.49
4/1/2010,78.29
4/5/2010,76.97
4/6/2010,76.82
4/7/2010,78.16
4/8/2010,77.06
4/9/2010,78.24
4/12/2010,80.06
4/13/2010,79.97
4/14/2010,83.31
4/15/2010,83.1
4/16/2010,86.29
4/19/2010,81.72
4/20/2010,79.65
4/21/2010,83.89
4/22/2010,85.76
4/23/2010,88.14
4/26/2010,87.53
4/27/2010,103.23
4/28/2010,101.7
4/29/2010,92.44
4/30/2010,101.41
5/3/2010,95.68
5/4/2010,101.88
5/5/2010,105.59
5/6/2010,125.36
5/7/2010,135.38
5/10/2010,110.96
5/11/2010,113.95
5/12/2010,116.53
5/13/2010,123.17
5/14/2010,128.34
5/17/2010,120.97
5/18/2010,135.82
5/19/2010,128.44
5/20/2010,145.12
5/21/2010,130.67
5/24/2010,123.87
5/25/2010,119.36
5/26/2010,115.68
5/27/2010,107.64
5/28/2010,110.13
6/1/2010,109.92
6/2/2010,98.02
6/3/2010,95.61
6/4/2010,103.31
6/7/2010,102.76
6/8/2010,101.79
6/9/2010,111.77
6/10/2010,108.61
6/11/2010,103.69
6/14/2010,99.92
6/15/2010,99
6/16/2010,93.67
6/17/2010,89.65
6/18/2010,92.36
6/21/2010,96.01
6/22/2010,101.65
6/23/2010,98.93
6/24/2010,103.69
6/25/2010,97.51
6/28/2010,99.01
6/29/2010,104
6/30/2010,105.16
7/1/2010,100.69
7/2/2010,97.19
7/6/2010,97.58
7/7/2010,92.14
7/8/2010,89.85
7/9/2010,88.58
7/12/2010,91.75
7/13/2010,90.8
7/14/2010,96.13
7/15/2010,97.75
7/16/2010,101.57
7/19/2010,102.58
7/20/2010,98.89
7/21/2010,97.02
7/22/2010,93.2
7/23/2010,89.9
7/26/2010,88.55
7/27/2010,90.14
7/28/2010,90.71
7/29/2010,90.62
7/30/2010,89.55
8/2/2010,85.02
8/3/2010,85.04
8/4/2010,85.05
8/5/2010,86.52
8/6/2010,87.44
8/9/2010,87.86
8/10/2010,90.35
8/11/2010,102.65
8/12/2010,99.75
8/13/2010,99.54
8/16/2010,98.73
8/17/2010,93.25
8/18/2010,91.3
8/19/2010,91.96
8/20/2010,89.34
8/23/2010,87.66
8/24/2010,85.7
8/25/2010,82.64
8/26/2010,82.95
8/27/2010,79
8/30/2010,82.52
8/31/2010,81.49
9/1/2010,78.28
9/2/2010,79.05
9/3/2010,76.64
9/7/2010,78.98
9/8/2010,89.88
9/9/2010,87.97
9/10/2010,87.6
9/13/2010,87.33
9/14/2010,87.95
9/15/2010,88.4
9/16/2010,87.63
9/17/2010,85.45
9/20/2010,81.5
9/21/2010,80.97
9/22/2010,81.86
9/23/2010,83.02
9/24/2010,80
9/27/2010,82.62
9/28/2010,83.62
9/29/2010,83.35
9/30/2010,86.49
10/1/2010,84.08
10/4/2010,86.22
10/5/2010,82.62
10/6/2010,81.05
10/7/2010,80.7
10/8/2010,81.41
10/11/2010,84.75
10/12/2010,84.77
10/13/2010,88.72
10/14/2010,87.14
10/15/2010,89.82
10/18/2010,91.75
10/19/2010,91.53
10/20/2010,85.48
10/21/2010,83.59
10/22/2010,81.97
10/25/2010,82.02
10/26/2010,82.79
10/27/2010,80.42
10/28/2010,78.47
10/29/2010,77.46
11/1/2010,79.72
11/2/2010,80.18
11/3/2010,76.57
11/4/2010,70.78
11/5/2010,74.02
11/8/2010,73.67
11/9/2010,76.49
11/10/2010,83.07
11/11/2010,
11/12/2010,88.18
11/15/2010,88.13
11/16/2010,93.65
11/17/2010,89.25
11/18/2010,83.92
11/19/2010,84.73
11/22/2010,78.39
11/23/2010,87.44
11/24/2010,81.55
11/26/2010,90.55
11/29/2010,89.01
11/30/2010,95.73
12/1/2010,92.03
12/2/2010,87.74
12/3/2010,84.28
12/6/2010,82.6
12/7/2010,82.66
12/8/2010,81.8
12/9/2010,79.8
12/10/2010,79.36
12/13/2010,81.67
12/14/2010,81.67
12/15/2010,83.42
12/16/2010,81.32
12/17/2010,86.62
12/20/2010,84.09
12/21/2010,84.38
12/22/2010,86.03
12/23/2010,86.74
12/27/2010,87.44
12/28/2010,86.34
12/29/2010,85.71
12/30/2010,86.52
12/31/2010,86.36
1/3/2011,84.8
1/4/2011,85.25
1/5/2011,84.7
1/6/2011,84.6
1/7/2011,83.73
1/10/2011,81.65
1/11/2011,79.82
1/12/2011,77.94
1/13/2011,78.64
1/14/2011,75.94
1/18/2011,79.77
1/19/2011,83.7
1/20/2011,82.69
1/21/2011,85.41
1/24/2011,82.97
1/25/2011,82.67
1/26/2011,79.43
1/27/2011,77.04
1/28/2011,91.52
1/31/2011,86.08
2/1/2011,84.48
2/2/2011,83.16
2/3/2011,81.75
2/4/2011,81.11
2/7/2011,80.54
2/8/2011,78.93
2/9/2011,82.11
2/10/2011,83.73
2/11/2011,84.5
2/14/2011,82.67
2/15/2011,84.38
2/16/2011,83.05
2/17/2011,83.03
2/18/2011,85.47
2/22/2011,99.18
2/23/2011,99.04
2/24/2011,94.07
2/25/2011,86.17
2/28/2011,81.78
3/1/2011,89.28
3/2/2011,87.55
3/3/2011,82.36
3/4/2011,81.48
3/7/2011,84.32
3/8/2011,80.84
3/9/2011,84.89
3/10/2011,88.16
3/11/2011,83.21
3/14/2011,83.89
3/15/2011,89.68
3/16/2011,112.39
3/17/2011,101.45
3/18/2011,96.28
3/21/2011,89.17
3/22/2011,87.39
3/23/2011,84.77
3/24/2011,84.17
3/25/2011,84.53
3/28/2011,89.94
3/29/2011,84.96
3/30/2011,82.75
3/31/2011,82.51
4/1/2011,81.98
4/4/2011,81.84
4/5/2011,81.44
4/6/2011,83.22
4/7/2011,82.39
4/8/2011,83.43
4/11/2011,84.16
4/12/2011,85.36
4/13/2011,86.04
4/14/2011,86.07
4/15/2011,85.72
4/18/2011,89.11
4/19/2011,85.73
4/20/2011,86.21
4/21/2011,87.71
4/25/2011,87.68
4/26/2011,85.72
4/27/2011,83.21
4/28/2011,82.89
4/29/2011,83.98
5/2/2011,88.5
5/3/2011,90.62
5/4/2011,91.39
5/5/2011,95.08
5/6/2011,94.43
5/9/2011,90.86
5/10/2011,87.56
5/11/2011,96.25
5/12/2011,93.57
5/13/2011,93.86
5/16/2011,94.44
5/17/2011,93.64
5/18/2011,90.7
5/19/2011,87.53
5/20/2011,90.23
5/23/2011,92.08
5/24/2011,88.47
5/25/2011,85.29
5/26/2011,81.48
5/27/2011,81.46
5/31/2011,80.92
6/1/2011,87.59
6/2/2011,85.22
6/3/2011,85.54
6/6/2011,88.15
6/7/2011,83.72
6/8/2011,88.98
6/9/2011,85.65
6/10/2011,93.34
6/13/2011,98.35
6/14/2011,91.74
6/15/2011,105.07
6/16/2011,100.39
6/17/2011,95.31
6/20/2011,90.25
6/21/2011,90.55
6/22/2011,91.71
6/23/2011,93.09
6/24/2011,99.14
6/27/2011,94.29
6/28/2011,90.33
6/29/2011,85.9
6/30/2011,81.08
7/1/2011,78.64
7/5/2011,81.34
7/6/2011,82.69
7/7/2011,80.7
7/8/2011,80.82
7/11/2011,90.87
7/12/2011,88.39
7/13/2011,88.92
7/14/2011,95.72
7/15/2011,89.33
7/18/2011,97.81
7/19/2011,91.01
7/20/2011,86.06
7/21/2011,81.68
7/22/2011,82.45
7/25/2011,90.2
7/26/2011,93.35
7/27/2011,102.01
7/28/2011,105.62
7/29/2011,106.57
8/1/2011,95.89
8/2/2011,102.01
8/3/2011,98.58
8/4/2011,121.76
8/5/2011,118.61
8/8/2011,134.63
8/9/2011,112.8
8/10/2011,132.86
8/11/2011,128.76
8/12/2011,120.19
8/15/2011,109
8/16/2011,104.66
8/17/2011,104.62
8/18/2011,106.66
8/19/2011,111.58
8/22/2011,111.25
8/23/2011,103.43
8/24/2011,104.54
8/25/2011,112.4
8/26/2011,104.72
8/29/2011,96.51
8/30/2011,96.16
8/31/2011,94.16
9/1/2011,92.31
9/2/2011,91
9/6/2011,97.01
9/7/2011,93.3
9/8/2011,93.45
9/9/2011,99.07
9/12/2011,97.07
9/13/2011,96.14
9/14/2011,100.22
9/15/2011,96.69
9/16/2011,93.67
9/19/2011,95.95
9/20/2011,92.9
9/21/2011,98.58
9/22/2011,103.91
9/23/2011,104.77
9/26/2011,102.89
9/27/2011,100.31
9/28/2011,104.3
9/29/2011,101.05
9/30/2011,101.08
10/3/2011,103.89
10/4/2011,99.31
10/5/2011,94.66
10/6/2011,93.52
10/7/2011,92.57
10/10/2011,89.39
10/11/2011,90.98
10/12/2011,91.34
10/13/2011,95.1
10/14/2011,94.69
10/17/2011,103.55
10/18/2011,100.21
10/19/2011,103.29
10/20/2011,102.97
10/21/2011,98.05
10/24/2011,97.13
10/25/2011,97.75
10/26/2011,97.74
10/27/2011,94.44
10/28/2011,94.19
10/31/2011,104.84
11/1/2011,113.15
11/2/2011,107.4
11/3/2011,104.28
11/4/2011,103.34
11/7/2011,103.35
11/8/2011,98.05
11/9/2011,122.73
11/10/2011,113.54
11/11/2011,112.1
11/14/2011,112.35
11/15/2011,107.55
11/16/2011,111.18
11/17/2011,111.86
11/18/2011,101.92
11/21/2011,99.6
11/22/2011,98.53
11/23/2011,101.46
11/25/2011,98.98
11/28/2011,96.23
11/29/2011,95.47
11/30/2011,92.22
12/1/2011,90.88
12/2/2011,92.46
12/5/2011,92.97
12/6/2011,92.21
12/7/2011,92.84
12/8/2011,94.97
12/9/2011,90.92
12/12/2011,93.21
12/13/2011,94.55
12/14/2011,99.63
12/15/2011,97.71
12/16/2011,94.28
12/19/2011,90.27
12/20/2011,88.64
12/21/2011,85.54
12/22/2011,86.18
12/23/2011,86.54
12/27/2011,88.13
12/28/2011,94.08
12/29/2011,91.8
12/30/2011,91.7
1/3/2012,91.39
1/4/2012,88.89
1/5/2012,87.69
1/6/2012,86.95
1/9/2012,87.8
1/10/2012,88.82
1/11/2012,93.17
1/12/2012,90.51
1/13/2012,93.55
1/17/2012,93.66
1/18/2012,90.09
1/19/2012,88.73
1/20/2012,89.24
1/23/2012,89.59
1/24/2012,89.01
1/25/2012,86.01
1/26/2012,88.92
1/27/2012,87.44
1/30/2012,89.86
1/31/2012,88.51
2/1/2012,85.78
2/2/2012,84.1
2/3/2012,84.04
2/6/2012,85.38
2/7/2012,83.79
2/8/2012,97.01
2/9/2012,100.76
2/10/2012,104.15
2/13/2012,102.45
2/14/2012,107.82
2/15/2012,114.65
2/16/2012,110.41
2/17/2012,108.56
2/21/2012,107.71
2/22/2012,100.81
2/23/2012,94.44
2/24/2012,99.43
2/27/2012,101.68
2/28/2012,99.13
2/29/2012,101.6
3/1/2012,97.43
3/2/2012,96.94
3/5/2012,98.18
3/6/2012,105.11
3/7/2012,100.46
3/8/2012,97.19
3/9/2012,97.98
3/12/2012,98.61
3/13/2012,98.47
03/14/2012, 106.63
03/15/2012, 108.42
03/16/2012, 105.78
03/19/2012, 106.49
03/20/2012, 109.38
03/21/2012, 104.65
03/22/2012, 102.53
03/23/2012, 98.60
03/26/2012, 96.08
03/27/2012, 101.15
03/28/2012, 102.74
03/29/2012, 101.94
03/30/2012, 100.28
04/02/2012, 100.38
04/03/2012, 98.37
04/04/2012, 99.73
04/05/2012, 99.47
04/09/2012, 104.59
04/10/2012, 109.13
04/11/2012, 111.19
04/12/2012, 104.27
04/13/2012, 110.76
04/16/2012, 110.97
04/17/2012, 107.01
04/18/2012, 106.06
04/19/2012, 103.96
04/20/2012, 101.08
04/23/2012, 104.01
04/24/2012, 99.84
04/25/2012, 93.28
04/26/2012, 89.65
04/27/2012, 88.62
04/30/2012, 89.32
05/01/2012, 87.06
05/02/2012, 86.29
05/03/2012, 88.35
05/04/2012, 91.31
05/07/2012, 90.91
05/08/2012, 91.33
05/09/2012, 102.07
05/10/2012, 98.65
05/11/2012, 100.12
05/14/2012, 105.85
05/15/2012, 109.61
05/16/2012, 109.22
05/17/2012, 112.84
05/18/2012, 117.44
05/21/2012, 108.50
05/22/2012, 110.48
05/23/2012, 107.48
05/24/2012, 104.52
05/25/2012, 103.10
05/29/2012, 100.98
05/30/2012, 109.73
05/31/2012, 108.75
06/01/2012, 111.41
06/04/2012, 107.04
06/05/2012, 102.78
06/06/2012, 97.71
06/07/2012, 98.36
06/08/2012, 96.60
06/11/2012, 105.51
06/12/2012, 103.22
06/13/2012, 110.60
06/14/2012, 107.78
06/15/2012, 108.23
06/18/2012, 99.30
06/19/2012, 98.13
06/20/2012, 96.41
06/21/2012, 105.47
06/22/2012, 104.13
06/25/2012, 104.46
06/26/2012, 100.66
06/27/2012, 98.11
06/28/2012, 97.21
06/29/2012, 89.59
07/02/2012, 85.61
07/03/2012, 84.59
07/05/2012, 89.43
07/06/2012, 90.10
07/09/2012, 92.85
07/10/2012, 94.91
07/11/2012, 96.25
07/12/2012, 95.22
07/13/2012, 91.10
07/16/2012, 94.21
07/17/2012, 93.49
07/18/2012, 94.03
07/19/2012, 93.73
07/20/2012, 100.61
07/23/2012, 107.32
07/24/2012, 111.65
07/25/2012, 106.53
07/26/2012, 98.59
07/27/2012, 93.08
07/30/2012, 94.74
07/31/2012, 96.11
08/01/2012, 94.23
08/02/2012, 89.63
08/03/2012, 84.50
08/06/2012, 84.47
08/07/2012, 86.87
08/08/2012, 85.18
08/09/2012, 83.91
08/10/2012, 84.83
08/13/2012, 89.58
08/14/2012, 94.33
08/15/2012, 97.95
08/16/2012, 95.65
08/17/2012, 95.02
08/20/2012, 96.64
08/21/2012, 97.41
08/22/2012, 99.14
08/23/2012, 98.40
08/24/2012, 94.99
08/27/2012, 94.89
08/28/2012, 94.43
08/29/2012, 94.71
08/30/2012, 96.33
08/31/2012, 93.30
09/04/2012, 93.71
09/05/2012, 90.15
09/06/2012, 83.65
09/07/2012, 82.24
09/10/2012, 92.77
09/11/2012, 92.39
09/12/2012, 93.94
09/13/2012, 87.81
09/14/2012, 93.04
09/17/2012, 92.95
09/18/2012, 90.13
09/19/2012, 88.61
09/20/2012, 88.72
09/21/2012, 87.90
09/24/2012, 85.88
09/25/2012, 92.79
09/26/2012, 95.05
09/27/2012, 88.24
09/28/2012, 90.49
10/01/2012, 92.51
10/02/2012, 90.25
10/03/2012, 87.56
10/04/2012, 83.51
10/05/2012, 83.10
10/08/2012, 85.85
10/09/2012, 88.53
10/10/2012, 94.36
10/11/2012, 90.74
10/12/2012, 91.87
10/15/2012, 92.92
10/16/2012, 90.31
10/17/2012, 85.60
10/18/2012, 86.51
10/19/2012, 92.63
10/22/2012, 92.48
10/23/2012, 99.66
10/24/2012, 96.39
10/25/2012, 91.86
10/26/2012, 89.43
10/31/2012, 90.23
11/01/2012, 81.70
11/02/2012, 87.84
11/05/2012, 90.75
11/06/2012, 87.56
11/07/2012, 94.75
11/08/2012, 93.39
11/09/2012, 94.02
11/12/2012, 90.54
11/13/2012, 87.84
11/14/2012, 94.66
11/15/2012, 94.54
11/16/2012, 90.27
11/19/2012, 88.43
11/20/2012, 85.93
11/21/2012, 85.85
11/23/2012, 82.86
11/26/2012, 82.45
11/27/2012, 84.17
11/28/2012, 80.39
11/29/2012, 78.42
11/30/2012, 78.59
12/03/2012, 84.07
12/04/2012, 86.18
12/05/2012, 82.98
12/06/2012, 84.15
12/07/2012, 80.74
12/10/2012, 81.56
12/11/2012, 78.70
12/12/2012, 83.02
12/13/2012, 86.74
12/14/2012, 86.39
12/17/2012, 82.10
12/18/2012, 79.36
12/19/2012, 83.33
12/20/2012, 83.06
12/21/2012, 87.70
12/24/2012, 89.27
12/26/2012, 92.17
12/27/2012, 90.89
12/28/2012, 104.72
12/31/2012, 92.50
01/02/2013, 78.77
01/03/2013, 77.02
01/04/2013, 75.18
01/07/2013, 76.77
01/08/2013, 78.37
01/09/2013, 78.51
01/10/2013, 77.49
01/11/2013, 78.52
01/14/2013, 78.28
01/15/2013, 77.84
01/16/2013, 77.26
01/17/2013, 78.77
01/18/2013, 73.43
01/22/2013, 73.87
01/23/2013, 71.86
01/24/2013, 76.17
01/25/2013, 76.92
01/28/2013, 78.16
01/29/2013, 73.61
01/30/2013, 77.34
01/31/2013, 76.72
02/01/2013, 73.29
02/04/2013, 77.79
02/05/2013, 75.07
02/06/2013, 77.24
02/07/2013, 76.86
02/08/2013, 74.42
02/11/2013, 76.10
02/12/2013, 73.83
02/13/2013, 73.25
02/14/2013, 72.99
02/15/2013, 72.55
02/19/2013, 70.45
02/20/2013, 79.65
02/21/2013, 80.83
02/22/2013, 78.66
02/25/2013, 94.34
02/26/2013, 90.23
02/27/2013, 82.29
02/28/2013, 86.57
03/01/2013, 87.83
03/04/2013, 82.27
03/05/2013, 79.32
03/06/2013, 78.78
03/07/2013, 77.16
03/08/2013, 76.65
03/11/2013, 77.32
03/12/2013, 79.99
03/13/2013, 84.36
03/14/2013, 83.50
03/15/2013, 85.72
03/18/2013, 93.07
03/19/2013, 94.39
03/20/2013, 89.45
03/21/2013, 93.98
03/22/2013, 91.78
03/25/2013, 88.86
03/26/2013, 85.14
03/27/2013, 85.32
03/28/2013, 83.20
04/01/2013, 84.23
04/02/2013, 80.49
04/03/2013, 85.23
04/04/2013, 83.12
04/05/2013, 84.49
04/08/2013, 82.12
04/09/2013, 82.04
04/10/2013, 82.75
04/11/2013, 83.37
04/12/2013, 82.39
04/15/2013, 104.62
04/16/2013, 88.19
04/17/2013, 105.26
04/18/2013, 107.65
04/19/2013, 95.52
04/22/2013, 90.91
04/23/2013, 85.16
04/24/2013, 84.99
04/25/2013, 85.89
04/26/2013, 85.09
04/29/2013, 84.42
04/30/2013, 83.46
05/01/2013, 88.11
05/02/2013, 83.82
05/03/2013, 80.91
05/06/2013, 79.78
05/07/2013, 78.86
05/08/2013, 79.81
05/09/2013, 81.14
05/10/2013, 80.45
05/13/2013, 80.45
05/14/2013, 80.45
05/15/2013, 83.15
05/16/2013, 84.50
05/17/2013, 84.00
05/20/2013, 85.01
05/21/2013, 88.04
05/22/2013, 88.23
05/23/2013, 87.40
05/24/2013, 83.88
05/28/2013, 82.65
05/29/2013, 81.72
05/30/2013, 80.22
05/31/2013, 84.87
06/03/2013, 86.99
06/04/2013, 87.39
06/05/2013, 93.18
06/06/2013, 91.91
06/07/2013, 84.19
06/10/2013, 82.94
06/11/2013, 92.32
06/12/2013, 101.77
06/13/2013, 95.08
06/14/2013, 93.87
06/17/2013, 90.45
06/18/2013, 89.99
06/19/2013, 88.59
06/20/2013, 100.98
06/21/2013, 96.10
06/24/2013, 100.93
06/25/2013, 94.83
06/26/2013, 90.76
06/27/2013, 86.05
06/28/2013, 86.54
07/01/2013, 84.89
07/02/2013, 83.70
07/03/2013, 82.72
07/05/2013, 77.41
07/08/2013, 75.49
07/09/2013, 75.92
07/10/2013, 79.54
07/11/2013, 77.16
07/12/2013, 76.14
07/15/2013, 76.22
07/16/2013, 80.84
07/17/2013, 77.06
07/18/2013, 74.68
07/19/2013, 73.64
07/22/2013, 72.49
07/23/2013, 75.05
07/24/2013, 76.80
07/25/2013, 76.74
07/26/2013, 76.54
07/29/2013, 76.65
07/30/2013, 74.35
07/31/2013, 73.08
08/01/2013, 71.10
08/02/2013, 70.36
08/05/2013, 69.74
08/06/2013, 75.53
08/07/2013, 76.57
08/08/2013, 75.41
08/09/2013, 77.33
08/12/2013, 78.77
08/13/2013, 78.94
08/14/2013, 80.22
08/15/2013, 86.21
08/16/2013, 84.09
08/19/2013, 86.91
08/20/2013, 89.08
08/21/2013, 90.38
08/22/2013, 84.52
08/23/2013, 80.02
08/26/2013, 83.06
08/27/2013, 92.36
08/28/2013, 91.46
08/29/2013, 91.49
08/30/2013, 92.60
09/03/2013, 90.66
09/04/2013, 88.28
09/05/2013, 85.80
09/06/2013, 86.51
09/09/2013, 83.46
09/10/2013, 79.25
09/11/2013, 78.40
09/12/2013, 80.97
09/13/2013, 79.73
09/16/2013, 80.09
09/17/2013, 79.49
09/18/2013, 74.65
09/19/2013, 73.22
09/20/2013, 76.89
09/23/2013, 77.56
09/24/2013, 74.78
09/25/2013, 73.08
09/26/2013, 69.96
09/27/2013, 74.93
09/30/2013, 81.67
10/01/2013, 76.43
10/02/2013, 85.73
10/03/2013, 93.79
10/04/2013, 88.71
10/07/2013, 103.08
10/08/2013, 106.55
10/09/2013, 111.43
10/10/2013, 95.31
10/11/2013, 90.85
10/14/2013, 91.80
10/15/2013, 103.37
10/16/2013, 85.70
10/17/2013, 72.70
10/18/2013, 73.42
10/21/2013, 75.02
10/22/2013, 74.13
10/23/2013, 72.43
10/24/2013, 70.84
10/25/2013, 70.03
10/28/2013, 70.16
10/29/2013, 68.52
10/30/2013, 69.56
10/31/2013, 69.44
11/01/2013, 68.94
11/04/2013, 67.09
11/05/2013, 67.41
11/06/2013, 67.41
11/07/2013, 71.74
11/08/2013, 69.39
11/11/2013, 69.39
11/12/2013, 69.39
11/13/2013, 71.37
11/14/2013, 71.91
11/15/2013, 73.58
11/18/2013, 75.06
11/19/2013, 74.45
11/20/2013, 69.05
11/21/2013, 64.95
11/22/2013, 63.77
11/25/2013, 64.88
11/26/2013, 65.14
11/27/2013, 64.81
11/29/2013, 64.81
12/02/2013, 69.59
12/03/2013, 73.21
12/04/2013, 72.73
12/05/2013, 75.80
12/06/2013, 70.45
12/09/2013, 70.45
12/10/2013, 70.45
12/11/2013, 80.55
12/12/2013, 83.38
12/13/2013, 85.39
12/16/2013, 83.20
12/17/2013, 82.23
12/18/2013, 67.17
12/19/2013, 67.03
12/20/2013, 68.00
12/23/2013, 63.49
12/24/2013, 63.49
12/26/2013, 62.71
12/27/2013, 66.67
12/30/2013, 69.71
12/31/2013, 70.83
01/02/2014, 73.14
01/03/2014, 70.03
01/06/2014, 68.33
01/07/2014, 68.33
01/08/2014, 68.33
01/09/2014, 68.33
01/10/2014, 67.74
01/13/2014, 75.71
01/14/2014, 69.31
01/15/2014, 69.56
01/16/2014, 73.98
01/17/2014, 75.72
01/21/2014, 77.78
01/22/2014, 74.46
01/23/2014, 78.25
01/24/2014, 97.71
01/27/2014, 93.50
01/28/2014, 83.96
01/29/2014, 92.47
01/30/2014, 92.35
01/31/2014, 99.66
02/03/2014, 106.78
02/04/2014, 100.40
02/05/2014, 102.87
02/06/2014, 92.58
02/07/2014, 83.17
02/10/2014, 79.89
02/11/2014, 78.64
02/12/2014, 79.56
02/13/2014, 78.41
02/14/2014, 77.49
02/18/2014, 75.82
02/19/2014, 86.23
02/20/2014, 79.83
02/21/2014, 78.96
02/24/2014, 77.84
02/25/2014, 76.46
02/26/2014, 79.42
02/27/2014, 78.94
02/28/2014, 81.45
03/03/2014, 92.84
03/04/2014, 82.14
03/05/2014, 80.52
03/06/2014, 79.55
03/07/2014, 83.07
03/10/2014, 82.35
03/11/2014, 85.12
03/12/2014, 83.45
03/13/2014, 92.14
03/14/2014, 97.11
03/17/2014, 87.79
03/18/2014, 81.89
03/19/2014, 81.35
03/20/2014, 77.03
03/21/2014, 78.64
03/24/2014, 77.29
03/25/2014, 74.77
03/26/2014, 76.27
03/27/2014, 74.71
03/28/2014, 74.86
03/31/2014, 72.20
04/01/2014, 67.51
04/02/2014, 67.33
04/03/2014, 67.73
04/04/2014, 69.53
04/07/2014, 74.51
04/08/2014, 71.43
04/09/2014, 69.19
04/10/2014, 78.56
04/11/2014, 83.94
04/14/2014, 82.20
04/15/2014, 80.67
04/16/2014, 72.08
04/17/2014, 70.08
04/21/2014, 68.62
04/22/2014, 66.74
04/23/2014, 66.22
04/24/2014, 68.75
04/25/2014, 70.49
04/28/2014, 67.63
04/29/2014, 65.47
04/30/2014, 64.49
05/01/2014, 64.50
05/02/2014, 64.54
05/05/2014, 64.40
05/06/2014, 64.93
05/07/2014, 62.64
05/08/2014, 62.16
05/09/2014, 61.76
05/12/2014, 61.76
05/13/2014, 61.76
05/14/2014, 69.03
05/15/2014, 71.60
05/16/2014, 68.72
05/19/2014, 67.58
05/20/2014, 68.77
05/21/2014, 66.56
05/22/2014, 68.06
05/23/2014, 66.86
05/27/2014, 64.95
05/28/2014, 67.37
05/29/2014, 66.93
05/30/2014, 67.95
06/02/2014, 68.76
06/03/2014, 68.19
06/04/2014, 67.67
06/05/2014, 65.47
06/06/2014, 67.08
06/09/2014, 70.88
06/10/2014, 70.50
06/11/2014, 74.21
06/12/2014, 79.97
06/13/2014, 79.81
06/16/2014, 81.50
06/17/2014, 78.41
06/18/2014, 71.76
06/19/2014, 73.41
06/20/2014, 73.33
06/23/2014, 72.58
06/24/2014, 75.24
06/25/2014, 72.31
06/26/2014, 72.86
06/27/2014, 72.72
06/30/2014, 71.56
07/01/2014, 69.28
07/02/2014, 68.15
07/03/2014, 68.35
07/07/2014, 71.66
07/08/2014, 73.21
07/09/2014, 76.28
07/10/2014, 82.14
07/11/2014, 79.91
07/14/2014, 77.29
07/15/2014, 78.92
07/16/2014, 75.81
07/17/2014, 89.96
07/18/2014, 80.37
07/21/2014, 81.41
07/22/2014, 75.22
07/23/2014, 76.64
07/24/2014, 77.66
07/25/2014, 81.08
07/28/2014, 81.21
07/29/2014, 81.72
07/30/2014, 83.58
07/31/2014, 97.42
08/01/2014, 101.11
08/04/2014, 93.12
08/05/2014, 98.32
08/06/2014, 96.38
08/07/2014, 97.40
08/08/2014, 91.84
08/11/2014, 87.54
08/12/2014, 85.98
08/13/2014, 81.27
08/14/2014, 78.48
08/15/2014, 82.20
08/18/2014, 81.02
08/19/2014, 80.84
08/20/2014, 79.90
08/21/2014, 79.61
08/22/2014, 79.58
08/25/2014, 79.33
08/26/2014, 79.39
08/27/2014, 78.85
08/28/2014, 80.53
08/29/2014, 81.11
09/02/2014, 82.41
09/03/2014, 80.77
09/04/2014, 79.99
09/05/2014, 77.33
09/08/2014, 77.84
09/09/2014, 79.30
09/10/2014, 82.12
09/11/2014, 83.10
09/12/2014, 89.25
09/15/2014, 91.58
09/16/2014, 84.52
09/17/2014, 81.52
09/18/2014, 77.47
09/19/2014, 77.70
09/22/2014, 87.41
09/23/2014, 91.90
09/24/2014, 86.21
09/25/2014, 96.72
09/26/2014, 90.63
09/29/2014, 95.02
09/30/2014, 92.47
10/01/2014, 98.12
10/02/2014, 93.75
10/03/2014, 87.77
10/06/2014, 88.73
10/07/2014, 99.20
10/08/2014, 89.08
10/09/2014, 102.13
10/10/2014, 113.38
10/13/2014, 131.57
10/14/2014, 120.61
10/15/2014, 129.01
10/16/2014, 121.94
10/17/2014, 118.84
10/20/2014, 108.83
10/21/2014, 104.09
10/22/2014, 108.82
10/23/2014, 102.05
10/24/2014, 104.38
10/27/2014, 100.75
10/28/2014, 95.89
10/29/2014, 99.34
10/30/2014, 98.52
10/31/2014, 94.10
11/03/2014, 93.19
11/04/2014, 92.44
11/05/2014, 87.08
11/06/2014, 83.42
11/07/2014, 80.44
11/10/2014, 79.70
11/11/2014, 79.79
11/12/2014, 83.10
11/13/2014, 86.29
11/14/2014, 85.58
11/17/2014, 84.79
11/18/2014, 82.60
11/19/2014, 81.06
11/20/2014, 79.14
11/21/2014, 79.34
11/24/2014, 79.25
11/25/2014, 77.93
11/26/2014, 77.04
11/28/2014, 79.84
12/01/2014, 86.84
12/02/2014, 83.47
12/03/2014, 86.45
12/04/2014, 85.17
12/05/2014, 85.41
12/08/2014, 94.45
12/09/2014, 97.13
12/10/2014, 117.32
12/11/2014, 132.40
12/12/2014, 138.60
12/15/2014, 128.22
12/16/2014, 132.94
12/17/2014, 114.37
12/18/2014, 107.24
12/19/2014, 99.17
12/22/2014, 99.69
12/23/2014, 94.73
12/24/2014, 95.29
12/26/2014, 92.28
12/29/2014, 94.86
12/30/2014, 97.84
12/31/2014, 113.08
01/02/2015, 112.55
01/05/2015, 121.87
01/06/2015, 118.45
01/07/2015, 107.69
01/08/2015, 98.44
01/09/2015, 103.77
01/12/2015, 109.04
01/13/2015, 109.22
01/14/2015, 113.50
01/15/2015, 117.07
01/16/2015, 111.32
01/20/2015, 108.40
01/21/2015, 98.62
01/22/2015, 93.25
01/23/2015, 96.33
01/26/2015, 91.94
01/27/2015, 96.11
01/28/2015, 108.68
01/29/2015, 100.70
01/30/2015, 108.99
02/02/2015, 106.74
02/03/2015, 101.03
02/04/2015, 103.74
02/05/2015, 98.56
02/06/2015, 101.69
02/09/2015, 104.19
02/10/2015, 97.33
02/11/2015, 98.73
02/12/2015, 93.24
02/13/2015, 92.74
02/17/2015, 92.95
02/18/2015, 89.38
02/19/2015, 87.60
02/20/2015, 85.78
02/23/2015, 86.13
02/24/2015, 82.65
02/25/2015, 86.57
02/26/2015, 86.93
02/27/2015, 85.23
03/02/2015, 81.84
03/03/2015, 85.05
03/04/2015, 84.10
03/05/2015, 81.26
03/06/2015, 86.88
03/09/2015, 85.55
03/10/2015, 91.89
03/11/2015, 97.28
03/12/2015, 89.48
03/13/2015, 93.12
03/16/2015, 90.54
03/17/2015, 88.25
03/18/2015, 81.22
03/19/2015, 81.61
03/20/2015, 80.49
03/23/2015, 79.98
03/24/2015, 80.04
03/25/2015, 83.52
03/26/2015, 87.03
03/27/2015, 86.50
03/30/2015, 82.16
03/31/2015, 84.01
04/01/2015, 82.82
04/02/2015, 80.21
04/06/2015, 80.30
04/07/2015, 79.70
04/08/2015, 84.76
04/09/2015, 80.71
04/10/2015, 78.91
04/13/2015, 83.80
04/14/2015, 81.91
04/15/2015, 79.83
04/16/2015, 79.78
04/17/2015, 85.97
04/20/2015, 81.48
04/21/2015, 81.29
04/22/2015, 79.70
04/23/2015, 78.17
04/24/2015, 76.43
04/27/2015, 81.22
04/28/2015, 77.68
04/29/2015, 82.27
04/30/2015, 87.08
05/01/2015, 79.64
05/04/2015, 78.56
05/05/2015, 84.45
05/06/2015, 90.80
05/07/2015, 89.21
05/08/2015, 79.44
05/11/2015, 83.11
05/12/2015, 84.64
05/13/2015, 84.45
05/14/2015, 82.34
05/15/2015, 80.93
05/18/2015, 82.06
05/19/2015, 77.53
05/20/2015, 77.03
05/21/2015, 73.18
05/22/2015, 75.98
05/26/2015, 81.94
05/27/2015, 77.79
05/28/2015, 77.35
05/29/2015, 79.07
06/01/2015, 78.89
06/02/2015, 80.61
06/03/2015, 79.27
06/04/2015, 87.99
06/05/2015, 84.10
06/08/2015, 86.50
06/09/2015, 84.34
06/10/2015, 81.60
06/11/2015, 79.53
06/12/2015, 85.55
06/15/2015, 96.12
06/16/2015, 95.96
06/17/2015, 93.19
06/18/2015, 89.20
06/19/2015, 92.16
06/22/2015, 83.87
06/23/2015, 78.85
06/24/2015, 82.53
06/25/2015, 83.51
06/26/2015, 83.09
06/29/2015, 117.00
06/30/2015, 110.17
07/01/2015, 97.60
07/02/2015, 105.14
07/06/2015, 105.97
07/07/2015, 99.35
07/08/2015, 111.67
07/09/2015, 115.36
07/10/2015, 101.19
07/13/2015, 85.95
07/14/2015, 87.35
07/15/2015, 90.81
07/16/2015, 87.12
07/17/2015, 85.32
07/20/2015, 84.38
07/21/2015, 82.56
07/22/2015, 78.89
07/23/2015, 81.64
07/24/2015, 88.36
07/27/2015, 97.32
07/28/2015, 84.77
07/29/2015, 82.94
07/30/2015, 80.65
07/31/2015, 81.77
08/03/2015, 79.43
08/04/2015, 80.82
08/05/2015, 80.10
08/06/2015, 84.36
08/07/2015, 82.57
08/10/2015, 80.21
08/11/2015, 85.22
08/12/2015, 88.13
08/13/2015, 88.36
08/14/2015, 89.38
08/17/2015, 87.35
08/18/2015, 88.84
08/19/2015, 91.84
08/20/2015, 108.75
08/21/2015, 138.57
08/24/2015, 168.75
08/25/2015, 152.42
08/26/2015, 134.31
08/27/2015, 128.59
08/28/2015, 127.18
08/31/2015, 127.28
09/01/2015, 128.94
09/02/2015, 114.43
09/03/2015, 118.16
09/04/2015, 123.15
09/08/2015, 117.62
09/09/2015, 131.30
09/10/2015, 127.06
09/11/2015, 119.09
09/14/2015, 118.01
09/15/2015, 109.34
09/16/2015, 107.02
09/17/2015, 118.09
09/18/2015, 116.26
09/21/2015, 103.40
09/22/2015, 111.36
09/23/2015, 105.86
09/24/2015, 110.12
09/25/2015, 110.54
09/28/2015, 115.31
09/29/2015, 110.99
09/30/2015, 103.28
10/01/2015, 98.27
10/02/2015, 95.07
10/05/2015, 92.29
10/06/2015, 92.46
10/07/2015, 89.43
10/08/2015, 88.42
10/09/2015, 89.08
10/12/2015, 88.27
10/13/2015, 98.35
10/14/2015, 102.29
10/15/2015, 96.61
10/16/2015, 97.58
10/19/2015, 94.38
10/20/2015, 97.11
10/21/2015, 106.02
10/22/2015, 97.07
10/23/2015, 97.21
10/26/2015, 98.10
10/27/2015, 95.21
10/28/2015, 88.28
10/29/2015, 88.60
10/30/2015, 90.27
11/02/2015, 86.75
11/03/2015, 87.34
11/04/2015, 89.46
11/05/2015, 87.68
11/06/2015, 85.03
11/09/2015, 92.97
11/10/2015, 86.96
11/11/2015, 91.25
11/12/2015, 98.19
11/13/2015, 106.06
11/16/2015, 96.71
11/17/2015, 100.37
11/18/2015, 93.47
11/19/2015, 96.18
11/20/2015, 90.79
11/23/2015, 88.55
11/24/2015, 89.64
11/25/2015, 86.14
11/27/2015, 88.35
11/30/2015, 90.84
12/01/2015, 87.32
12/02/2015, 92.94
12/03/2015, 101.80
12/04/2015, 89.19
12/07/2015, 94.30
12/08/2015, 99.16
12/09/2015, 113.83
12/10/2015, 113.80
12/11/2015, 131.09
12/14/2015, 122.22
12/15/2015, 114.37
12/16/2015, 108.93
12/17/2015, 113.52
12/18/2015, 118.32
12/21/2015, 109.44
12/22/2015, 100.91
12/23/2015, 99.61
12/24/2015, 99.88
12/28/2015, 99.24
12/29/2015, 95.13
12/30/2015, 100.82
12/31/2015, 100.20
01/04/2016, 107.69
01/05/2016, 101.84
01/06/2016, 103.06
01/07/2016, 116.55
01/08/2016, 116.46
01/11/2016, 109.63
01/12/2016, 104.52
01/13/2016, 117.14
01/14/2016, 110.07
01/15/2016, 116.41
01/19/2016, 113.76
01/20/2016, 112.88
01/21/2016, 108.38
01/22/2016, 98.92
01/25/2016, 102.88
01/26/2016, 98.40
01/27/2016, 100.04
01/28/2016, 96.56
01/29/2016, 89.95
02/01/2016, 89.65
02/02/2016, 97.60
02/03/2016, 97.32
02/04/2016, 95.22
02/05/2016, 100.55
02/08/2016, 104.53
02/09/2016, 103.06
02/10/2016, 106.19
02/11/2016, 107.21
02/12/2016, 103.25
02/16/2016, 94.20
02/17/2016, 88.96
02/18/2016, 87.53
02/19/2016, 86.25
02/22/2016, 86.19
02/23/2016, 89.67
02/24/2016, 86.74
02/25/2016, 83.51
02/26/2016, 83.72
02/29/2016, 85.06
03/01/2016, 79.45
03/02/2016, 78.84
03/03/2016, 79.41
03/04/2016, 81.97
03/07/2016, 82.30
03/08/2016, 87.46
03/09/2016, 92.86
03/10/2016, 94.77
03/11/2016, 92.35
03/14/2016, 89.74
03/15/2016, 90.34
03/16/2016, 84.37
03/17/2016, 84.71
03/18/2016, 86.20
03/21/2016, 87.78
03/22/2016, 85.04
03/23/2016, 86.06
03/24/2016, 84.20
03/28/2016, 83.29
03/29/2016, 81.39
03/30/2016, 80.33
03/31/2016, 82.94
04/01/2016, 81.57
04/04/2016, 84.43
04/05/2016, 89.11
04/06/2016, 85.59
04/07/2016, 92.74
04/08/2016, 89.73
04/11/2016, 92.81
04/12/2016, 89.78
04/13/2016, 87.89
04/14/2016, 87.92
04/15/2016, 90.27
04/18/2016, 86.57
04/19/2016, 86.98
04/20/2016, 87.97
04/21/2016, 87.07
04/22/2016, 84.10
04/25/2016, 85.77
04/26/2016, 84.51
04/27/2016, 83.10
04/28/2016, 87.36
04/29/2016, 91.68
05/02/2016, 89.49
05/03/2016, 91.66
05/04/2016, 91.86
05/05/2016, 91.58
05/06/2016, 88.86
05/09/2016, 86.42
05/10/2016, 85.92
05/11/2016, 91.53
05/12/2016, 91.25
05/13/2016, 94.00
05/16/2016, 90.61
05/17/2016, 91.76
05/18/2016, 89.99
05/19/2016, 90.46
05/20/2016, 85.46
05/23/2016, 84.12
05/24/2016, 79.48
05/25/2016, 78.54
05/26/2016, 77.48
05/27/2016, 76.17
05/31/2016, 79.43
06/01/2016, 78.93
06/02/2016, 79.54
06/03/2016, 79.08
06/06/2016, 80.71
06/07/2016, 82.30
06/08/2016, 86.61
06/09/2016, 89.98
06/10/2016, 103.78
06/13/2016, 124.56
06/14/2016, 116.44
06/15/2016, 114.23
06/16/2016, 115.47
06/17/2016, 115.72
06/20/2016, 112.40
06/21/2016, 113.46
06/22/2016, 122.94
06/23/2016, 104.71
06/24/2016, 125.13
06/27/2016, 115.60
06/28/2016, 108.00
06/29/2016, 98.60
06/30/2016, 94.23
07/01/2016, 91.70
07/05/2016, 91.85
07/06/2016, 89.24
07/07/2016, 89.50
07/08/2016, 84.72
07/11/2016, 84.78
07/12/2016, 84.98
07/13/2016, 84.18
07/14/2016, 86.03
07/15/2016, 89.04
07/18/2016, 87.20
07/19/2016, 89.03
07/20/2016, 87.09
07/21/2016, 92.84
07/22/2016, 89.51
07/25/2016, 91.95
07/26/2016, 91.44
07/27/2016, 91.23
07/28/2016, 89.81
07/29/2016, 90.84
08/01/2016, 90.68
08/02/2016, 93.89
08/03/2016, 88.59
08/04/2016, 88.14
08/05/2016, 85.23
08/08/2016, 84.50
08/09/2016, 86.65
08/10/2016, 89.40
08/11/2016, 97.36
08/12/2016, 94.49
08/15/2016, 91.67
08/16/2016, 91.86
08/17/2016, 84.84
08/18/2016, 82.83
08/19/2016, 82.44
08/22/2016, 83.13
08/23/2016, 83.45
08/24/2016, 85.37
08/25/2016, 85.43
08/26/2016, 88.62
08/29/2016, 85.83
08/30/2016, 84.44
08/31/2016, 84.87
09/01/2016, 84.90
09/02/2016, 81.35
09/06/2016, 82.14
09/07/2016, 83.08
09/08/2016, 85.57
09/09/2016, 110.02
09/12/2016, 99.53
09/13/2016, 110.02
09/14/2016, 113.15
09/15/2016, 109.27
09/16/2016, 102.59
09/19/2016, 101.58
09/20/2016, 101.98
09/21/2016, 92.59
09/22/2016, 89.22
09/23/2016, 90.40
09/26/2016, 96.24
09/27/2016, 88.94
09/28/2016, 87.55
09/29/2016, 93.78
09/30/2016, 91.42
10/03/2016, 91.51
10/04/2016, 89.94
10/05/2016, 89.88
10/06/2016, 89.86
10/07/2016, 90.86
10/10/2016, 90.66
10/11/2016, 95.43
10/12/2016, 102.02
10/13/2016, 103.40
10/14/2016, 101.01
10/17/2016, 99.34
10/18/2016, 96.87
10/19/2016, 93.90
10/20/2016, 89.72
10/21/2016, 87.34
10/24/2016, 85.81
10/25/2016, 86.23
10/26/2016, 86.90
10/27/2016, 91.21
10/28/2016, 99.44
10/31/2016, 102.82
11/01/2016, 108.26
11/02/2016, 112.39
11/03/2016, 120.24
11/04/2016, 120.23
11/07/2016, 107.84
11/08/2016, 108.67
11/09/2016, 96.14
11/10/2016, 102.67
11/11/2016, 97.22
11/14/2016, 98.22
11/15/2016, 91.77
11/16/2016, 92.45
11/17/2016, 87.58
11/18/2016, 86.40
11/21/2016, 80.75
11/22/2016, 83.40
11/23/2016, 82.45
11/25/2016, 82.65
11/28/2016, 86.17
11/29/2016, 86.28
11/30/2016, 88.99
12/01/2016, 97.79
12/02/2016, 98.07
12/05/2016, 88.88
12/06/2016, 88.12
12/07/2016, 89.11
12/08/2016, 91.27
12/09/2016, 89.40
12/12/2016, 91.87
12/13/2016, 93.32
12/14/2016, 96.82
12/15/2016, 93.08
12/16/2016, 93.79
12/19/2016, 90.51
12/20/2016, 88.26
12/21/2016, 87.97
12/22/2016, 89.72
12/23/2016, 87.64
12/27/2016, 86.37
12/28/2016, 89.17
12/29/2016, 88.87
12/30/2016, 91.60
01/03/2017, 85.37
01/04/2017, 82.27
01/05/2017, 81.33
01/06/2017, 80.59
01/09/2017, 83.47
01/10/2017, 86.36
01/11/2017, 86.72
01/12/2017, 90.44
01/13/2017, 92.90
01/17/2017, 92.39
01/18/2017, 87.06
01/19/2017, 86.84
01/20/2017, 83.63
01/23/2017, 84.51
01/24/2017, 79.05
01/25/2017, 78.66
01/26/2017, 79.65
01/27/2017, 83.63
01/30/2017, 92.04
01/31/2017, 89.83
02/01/2017, 87.75
02/02/2017, 89.73
02/03/2017, 88.97
02/06/2017, 90.02
02/07/2017, 89.61
02/08/2017, 94.58
02/09/2017, 89.59
02/10/2017, 85.77
02/13/2017, 80.84
02/14/2017, 78.35
02/15/2017, 81.12
02/16/2017, 79.66
02/17/2017, 81.25
02/21/2017, 82.45
02/22/2017, 81.53
02/23/2017, 82.20
02/24/2017, 83.31
02/27/2017, 85.69
02/28/2017, 88.08
03/01/2017, 84.03
03/02/2017, 83.61
03/03/2017, 81.19
03/06/2017, 81.44
03/07/2017, 81.43
03/08/2017, 82.50
03/09/2017, 83.64
03/10/2017, 80.27
03/13/2017, 81.57
03/14/2017, 85.88
03/15/2017, 80.76
03/16/2017, 75.96
03/17/2017, 78.66
03/20/2017, 77.16
03/21/2017, 83.02
03/22/2017, 83.80
03/23/2017, 88.93
03/24/2017, 89.74
03/27/2017, 84.86
03/28/2017, 79.27
03/29/2017, 78.26
03/30/2017, 77.87
03/31/2017, 78.31
04/03/2017, 82.96
04/04/2017, 79.67
04/05/2017, 86.59
04/06/2017, 83.91
04/07/2017, 89.39
04/10/2017, 97.90
04/11/2017, 103.74
04/12/2017, 111.53
04/13/2017, 115.54
04/17/2017, 101.49
04/18/2017, 99.52
04/19/2017, 97.89
04/20/2017, 94.53
04/21/2017, 95.41
04/24/2017, 78.17
04/25/2017, 75.64
04/26/2017, 76.64
04/27/2017, 76.66
04/28/2017, 77.09
05/01/2017, 78.33
05/02/2017, 79.33
05/03/2017, 78.77
05/04/2017, 78.00
05/05/2017, 80.65
05/08/2017, 81.38
05/09/2017, 83.63
05/10/2017, 87.49
05/11/2017, 86.51
05/12/2017, 82.50
05/15/2017, 79.53
05/16/2017, 76.76
05/17/2017, 111.48
05/18/2017, 104.12
05/19/2017, 87.21
05/22/2017, 83.47
05/23/2017, 84.19
05/24/2017, 81.91
05/25/2017, 82.20
05/26/2017, 81.81
05/30/2017, 84.30
05/31/2017, 84.52
06/01/2017, 83.83
06/02/2017, 83.62
06/05/2017, 86.08
06/06/2017, 89.15
06/07/2017, 88.22
06/08/2017, 83.28
06/09/2017, 87.41
06/12/2017, 91.21
06/13/2017, 86.66
06/14/2017, 89.97
06/15/2017, 89.95
06/16/2017, 87.00
06/19/2017, 85.27
06/20/2017, 89.19
06/21/2017, 88.07
06/22/2017, 86.38
06/23/2017, 84.52
06/26/2017, 81.94
06/27/2017, 87.30
06/28/2017, 84.24
06/29/2017, 93.78
06/30/2017, 90.43
07/03/2017, 93.31
07/05/2017, 91.98
07/06/2017, 100.21
07/07/2017, 92.50
07/10/2017, 89.69
07/11/2017, 88.23
07/12/2017, 88.19
07/13/2017, 85.68
07/14/2017, 82.20
07/17/2017, 80.27
07/18/2017, 79.14
07/19/2017, 77.96
07/20/2017, 76.26
07/21/2017, 77.86
07/24/2017, 78.24
07/25/2017, 79.17
07/26/2017, 82.34
07/27/2017, 86.87
07/28/2017, 87.20
07/31/2017, 86.76
08/01/2017, 84.55
08/02/2017, 86.89
08/03/2017, 87.66
08/04/2017, 87.39
08/07/2017, 90.01
08/08/2017, 98.68
08/09/2017, 106.77
08/10/2017, 135.32
08/11/2017, 127.43
08/14/2017, 100.60
08/15/2017, 96.71
08/16/2017, 94.82
08/17/2017, 117.77
08/18/2017, 114.39
08/21/2017, 101.39
08/22/2017, 92.70
08/23/2017, 98.96
08/24/2017, 100.26
08/25/2017, 95.53
08/28/2017, 96.42
08/29/2017, 98.79
08/30/2017, 98.90
08/31/2017, 94.86
09/01/2017, 93.60
09/05/2017, 102.66
09/06/2017, 99.61
09/07/2017, 96.29
09/08/2017, 100.12
09/11/2017, 93.66
09/12/2017, 92.39
09/13/2017, 90.89
09/14/2017, 92.09
09/15/2017, 90.63
09/18/2017, 90.46
09/19/2017, 91.22
09/20/2017, 90.91
09/21/2017, 92.32
09/22/2017, 93.29
09/25/2017, 96.40
09/26/2017, 94.81
09/27/2017, 95.36
09/28/2017, 94.10
09/29/2017, 93.14
10/02/2017, 92.48
10/03/2017, 91.59
10/04/2017, 92.12
10/05/2017, 91.79
10/06/2017, 97.09
10/09/2017, 101.83
10/10/2017, 97.33
10/11/2017, 99.22
10/12/2017, 97.77
10/13/2017, 97.80
10/16/2017, 97.65
10/17/2017, 98.74
10/18/2017, 94.34
10/19/2017, 93.33
10/20/2017, 90.53
10/23/2017, 97.09
10/24/2017, 98.43
10/25/2017, 100.16
10/26/2017, 97.73
10/27/2017, 92.78
10/30/2017, 95.19
10/31/2017, 92.01
11/01/2017, 92.00
11/02/2017, 91.48
11/03/2017, 89.68
11/06/2017, 91.25
11/07/2017, 93.45
11/08/2017, 97.74
11/09/2017, 98.82
11/10/2017, 104.76
11/13/2017, 106.30
11/14/2017, 103.18
11/15/2017, 106.27
11/16/2017, 100.15
11/17/2017, 97.12
11/20/2017, 93.76
11/21/2017, 89.27
11/22/2017, 86.42
11/24/2017, 86.32
11/27/2017, 86.58
11/28/2017, 85.73
11/29/2017, 89.57
11/30/2017, 89.94
12/01/2017, 95.03
12/04/2017, 97.57
12/05/2017, 97.95
12/06/2017, 98.17
12/07/2017, 95.83
12/08/2017, 91.89
12/11/2017, 92.06
12/12/2017, 93.27
12/13/2017, 95.56
12/14/2017, 96.07
12/15/2017, 92.20
12/18/2017, 90.64
12/19/2017, 93.58
12/20/2017, 92.86
12/21/2017, 92.21
12/22/2017, 94.90
12/26/2017, 97.56
12/27/2017, 97.08
12/28/2017, 97.25
12/29/2017, 100.76
01/02/2018, 97.36
01/03/2018, 94.40
01/04/2018, 94.21
01/05/2018, 93.10
01/08/2018, 93.97
01/09/2018, 94.74
01/10/2018, 93.70
01/11/2018, 92.24
01/12/2018, 92.22
01/16/2018, 106.49
01/17/2018, 102.46
01/18/2018, 103.68
01/19/2018, 101.59
01/22/2018, 99.68
01/23/2018, 98.59
01/24/2018, 99.77
01/25/2018, 101.78
01/26/2018, 98.65
01/29/2018, 110.01
01/30/2018, 113.48
01/31/2018, 108.41
02/01/2018, 105.77
02/02/2018, 125.51
02/05/2018, 177.34
02/06/2018, 161.12
02/07/2018, 159.03
02/08/2018, 180.61
02/09/2018, 167.28
02/12/2018, 140.80
02/13/2018, 136.58
02/14/2018, 124.49
02/15/2018, 122.76
02/16/2018, 121.20
02/20/2018, 122.58
02/21/2018, 125.73
02/22/2018, 116.98
02/23/2018, 110.19
02/26/2018, 107.68
02/27/2018, 119.50
02/28/2018, 121.70
03/01/2018, 128.14
03/02/2018, 114.78
03/05/2018, 109.66
03/06/2018, 104.61
03/07/2018, 99.49
03/08/2018, 96.92
03/09/2018, 99.71
03/12/2018, 104.94
03/13/2018, 107.04
03/14/2018, 110.29
03/15/2018, 109.28
03/16/2018, 106.49
03/19/2018, 112.92
03/20/2018, 107.13
03/21/2018, 106.60
03/22/2018, 125.12
03/23/2018, 129.82
03/26/2018, 113.08
03/27/2018, 118.61
03/28/2018, 114.02
03/29/2018, 103.32
04/02/2018, 111.67
04/03/2018, 102.06
04/04/2018, 95.44
04/05/2018, 92.21
04/06/2018, 98.60
04/09/2018, 100.24
04/10/2018, 98.21
04/11/2018, 100.02
04/12/2018, 98.08
04/13/2018, 93.94
04/16/2018, 93.22
04/17/2018, 89.59
04/18/2018, 92.41
04/19/2018, 95.38
04/20/2018, 99.21
04/23/2018, 96.87
04/24/2018, 100.81
04/25/2018, 97.80
04/26/2018, 90.71
04/27/2018, 92.15
04/30/2018, 94.30
05/01/2018, 89.97
05/02/2018, 93.79
05/03/2018, 91.07
05/04/2018, 88.12
05/07/2018, 90.71
05/08/2018, 89.50
05/09/2018, 93.89
05/10/2018, 93.02
05/11/2018, 90.03
05/14/2018, 92.62
05/15/2018, 99.18
05/16/2018, 94.79
05/17/2018, 93.48
05/18/2018, 94.76
05/21/2018, 91.04
05/22/2018, 90.47
05/23/2018, 89.80
05/24/2018, 90.64
05/25/2018, 93.78
05/29/2018, 108.67
05/30/2018, 99.08
05/31/2018, 100.63
06/01/2018, 93.30
06/04/2018, 90.83
06/05/2018, 89.84
06/06/2018, 88.12
06/07/2018, 91.28
06/08/2018, 93.49
06/11/2018, 94.54
06/12/2018, 95.71
06/13/2018, 100.01
06/14/2018, 98.21
06/15/2018, 101.66
06/18/2018, 99.87
06/19/2018, 104.13
06/20/2018, 98.51
06/21/2018, 107.45
06/22/2018, 102.49
06/25/2018, 114.32
06/26/2018, 107.52
06/27/2018, 112.75
06/28/2018, 108.88
06/29/2018, 105.97
07/02/2018, 104.80
07/03/2018, 108.50
07/05/2018, 103.22
07/06/2018, 95.74
07/09/2018, 94.16
07/10/2018, 91.96
07/11/2018, 104.50
07/12/2018, 100.82
07/13/2018, 99.81
07/16/2018, 100.95
07/17/2018, 98.56
07/18/2018, 98.08
07/19/2018, 100.58
07/20/2018, 102.76
07/23/2018, 102.04
07/24/2018, 98.68
07/25/2018, 94.20
07/26/2018, 91.66
07/27/2018, 97.15
07/30/2018, 101.41
07/31/2018, 94.13
08/01/2018, 95.28
08/02/2018, 91.66
08/03/2018, 86.60
08/06/2018, 84.66
08/07/2018, 83.21
08/08/2018, 84.42
08/09/2018, 88.69
08/10/2018, 99.07
08/13/2018, 107.78
08/14/2018, 100.34
08/15/2018, 111.13
08/16/2018, 103.49
08/17/2018, 101.81
08/20/2018, 100.77
08/21/2018, 101.56
08/22/2018, 95.72
08/23/2018, 95.92
08/24/2018, 93.95
08/27/2018, 93.39
08/28/2018, 92.31
08/29/2018, 91.10
08/30/2018, 95.11
08/31/2018, 92.73
09/04/2018, 95.23
09/05/2018, 97.94
09/06/2018, 101.36
09/07/2018, 102.38
09/10/2018, 100.38
09/11/2018, 96.44
09/12/2018, 97.24
09/13/2018, 91.06
09/14/2018, 88.07
09/17/2018, 96.34
09/18/2018, 92.49
09/19/2018, 88.18
09/20/2018, 87.31
09/21/2018, 90.20
09/24/2018, 91.51
09/25/2018, 91.07
09/26/2018, 91.56
09/27/2018, 87.66
09/28/2018, 87.31
10/01/2018, 86.97
10/02/2018, 88.12
10/03/2018, 85.80
10/04/2018, 99.44
10/05/2018, 102.63
10/08/2018, 102.74
10/09/2018, 103.92
10/10/2018, 135.61
10/11/2018, 129.30
10/12/2018, 124.81
10/15/2018, 118.78
10/16/2018, 111.78
10/17/2018, 109.28
10/18/2018, 116.82
10/19/2018, 114.95
10/22/2018, 112.15
10/23/2018, 108.71
10/24/2018, 118.58
10/25/2018, 113.91
10/26/2018, 110.49
10/29/2018, 110.39
10/30/2018, 106.08
10/31/2018, 102.90
11/01/2018, 99.57
11/02/2018, 102.38
11/05/2018, 101.83
11/06/2018, 102.48
11/07/2018, 95.75
11/08/2018, 95.40
11/09/2018, 100.55
11/12/2018, 107.77
11/13/2018, 105.32
11/14/2018, 111.42
11/15/2018, 107.38
11/16/2018, 101.93
11/19/2018, 107.13
11/20/2018, 107.61
11/21/2018, 100.27
11/23/2018, 99.29
11/26/2018, 92.17
11/27/2018, 91.54
11/28/2018, 93.55
11/29/2018, 93.36
11/30/2018, 93.59
12/03/2018, 85.87
12/04/2018, 96.57
12/06/2018, 93.85
12/07/2018, 96.49
12/10/2018, 91.78
12/11/2018, 89.77
12/12/2018, 91.41
12/13/2018, 93.00
12/14/2018, 96.45
12/17/2018, 101.55
12/18/2018, 103.64
12/19/2018, 105.05
12/20/2018, 109.65
12/21/2018, 106.61
12/24/2018, 111.88
12/26/2018, 97.32
12/27/2018, 95.89
12/28/2018, 91.24
12/31/2018, 87.11
01/02/2019, 81.66
01/03/2019, 83.80
01/04/2019, 84.44
01/07/2019, 82.74
01/08/2019, 82.41
01/09/2019, 86.62
01/10/2019, 86.35
01/11/2019, 83.85
01/14/2019, 83.01
01/15/2019, 81.39
01/16/2019, 83.34
01/17/2019, 82.79
01/18/2019, 82.49
01/22/2019, 93.81
01/23/2019, 88.45
01/24/2019, 84.89
01/25/2019, 83.38
01/28/2019, 86.44
01/29/2019, 86.84
01/30/2019, 82.39
01/31/2019, 79.24
02/01/2019, 80.00
02/04/2019, 77.36
02/05/2019, 80.62
02/06/2019, 84.99
02/07/2019, 85.01
02/08/2019, 82.70
02/11/2019, 82.77
02/12/2019, 81.63
02/13/2019, 80.27
02/14/2019, 81.64
02/15/2019, 80.45
02/19/2019, 78.64
02/20/2019, 75.59
02/21/2019, 76.64
02/22/2019, 74.98
02/25/2019, 79.35
02/26/2019, 80.53
02/27/2019, 80.37
02/28/2019, 80.00
03/01/2019, 79.27
03/04/2019, 82.34
03/05/2019, 82.46
03/06/2019, 86.10
03/07/2019, 88.70
03/08/2019, 87.24
03/11/2019, 81.23
03/12/2019, 83.06
03/13/2019, 82.76
03/14/2019, 82.56
03/15/2019, 82.94
03/18/2019, 85.52
03/19/2019, 87.36
03/20/2019, 86.63
03/21/2019, 83.89
03/22/2019, 98.50
03/25/2019, 97.20
03/26/2019, 89.85
03/27/2019, 91.34
03/28/2019, 87.95
03/29/2019, 85.82
04/01/2019, 84.93
04/02/2019, 83.28
04/03/2019, 84.23
04/04/2019, 82.15
04/05/2019, 79.10
04/08/2019, 81.86
04/09/2019, 88.14
04/10/2019, 89.49
04/11/2019, 88.06
04/12/2019, 84.98
04/15/2019, 84.17
04/16/2019, 83.58
04/17/2019, 85.55
04/18/2019, 84.41
04/22/2019, 83.27
04/23/2019, 81.43
04/24/2019, 85.17
04/25/2019, 86.94
04/26/2019, 84.12
04/29/2019, 86.08
04/30/2019, 88.56
05/01/2019, 95.75
05/02/2019, 93.02
05/03/2019, 86.23
05/06/2019, 94.85
05/07/2019, 111.54
05/08/2019, 106.48
05/09/2019, 102.92
05/10/2019, 96.01
05/13/2019, 105.60
05/14/2019, 97.26
05/15/2019, 94.53
05/16/2019, 94.23
05/17/2019, 99.12
05/20/2019, 96.83
05/21/2019, 92.38
05/22/2019, 89.30
05/23/2019, 94.98
05/24/2019, 90.19
05/28/2019, 95.08
05/29/2019, 93.83
05/30/2019, 92.78
05/31/2019, 96.72
06/03/2019, 96.03
06/04/2019, 88.93
06/05/2019, 86.72
06/06/2019, 84.84
06/07/2019, 86.00
06/10/2019, 83.86
06/11/2019, 84.95
06/12/2019, 86.20
06/13/2019, 84.73
06/14/2019, 82.57
06/17/2019, 83.48
06/18/2019, 87.37
06/19/2019, 84.58
06/20/2019, 81.21
06/21/2019, 83.14
06/24/2019, 82.59
06/25/2019, 85.16
06/26/2019, 85.39
06/27/2019, 86.52
06/28/2019, 85.78
07/01/2019, 79.58
07/02/2019, 78.22
07/03/2019, 80.04
07/05/2019, 79.78
07/08/2019, 83.66
07/09/2019, 82.31
07/10/2019, 85.97
07/11/2019, 88.20
07/12/2019, 86.14
07/15/2019, 86.20
07/16/2019, 88.25
07/17/2019, 90.35
07/18/2019, 84.04
07/19/2019, 86.77
07/22/2019, 81.22
07/23/2019, 78.99
07/24/2019, 83.89
07/25/2019, 84.30
07/26/2019, 83.11
07/29/2019, 88.16
07/30/2019, 91.58
07/31/2019, 96.28
08/01/2019, 105.47
08/02/2019, 102.69
08/05/2019, 114.40
08/06/2019, 107.45
08/07/2019, 104.27
08/08/2019, 98.66
08/09/2019, 101.52
08/12/2019, 110.31
08/13/2019, 102.21
08/14/2019, 113.99
08/15/2019, 112.26
08/16/2019, 110.32
08/19/2019, 101.22
08/20/2019, 104.77
08/21/2019, 98.03
08/22/2019, 100.94
08/23/2019, 111.37
08/26/2019, 106.27
08/27/2019, 106.49
08/28/2019, 103.95
08/29/2019, 99.80
08/30/2019, 102.66
09/03/2019, 102.19
09/04/2019, 97.30
09/05/2019, 95.51
09/06/2019, 94.40
09/09/2019, 94.50
09/10/2019, 94.12
09/11/2019, 97.79
09/12/2019, 95.94
09/13/2019, 98.93
09/16/2019, 101.73
09/17/2019, 101.67
09/18/2019, 99.09
09/19/2019, 97.30
09/20/2019, 101.03
09/23/2019, 97.60
09/24/2019, 104.96
09/25/2019, 99.68
09/26/2019, 100.31
09/27/2019, 103.20
09/30/2019, 97.62
10/01/2019, 102.74
10/02/2019, 103.81
10/03/2019, 98.20
10/04/2019, 95.19
10/07/2019, 97.04
10/08/2019, 102.27
10/09/2019, 101.25
10/10/2019, 99.66
10/11/2019, 97.70
10/14/2019, 94.43
10/15/2019, 93.98
10/16/2019, 93.16
10/17/2019, 90.27
10/18/2019, 91.20
10/21/2019, 87.29
10/22/2019, 89.32
10/23/2019, 87.59
10/24/2019, 86.55
10/25/2019, 83.82
10/28/2019, 86.48
10/29/2019, 87.75
10/30/2019, 86.47
10/31/2019, 88.92
11/01/2019, 85.69
11/04/2019, 88.75
11/05/2019, 90.98
11/06/2019, 89.59
11/07/2019, 90.15
11/08/2019, 89.06
11/11/2019, 89.56
11/12/2019, 90.35
11/13/2019, 93.50
11/14/2019, 93.45
11/15/2019, 93.35
11/18/2019, 93.99
11/19/2019, 95.95
11/20/2019, 95.36
11/21/2019, 96.09
11/22/2019, 94.40
11/25/2019, 90.24
11/26/2019, 89.88
11/27/2019, 90.20
11/29/2019, 91.05
12/02/2019, 98.91
12/03/2019, 102.65
12/04/2019, 98.72
12/05/2019, 98.12
12/06/2019, 96.52
12/09/2019, 101.89
12/10/2019, 101.03
12/11/2019, 104.82
12/12/2019, 101.30
12/13/2019, 96.61
12/16/2019, 94.21
12/17/2019, 98.56
12/18/2019, 99.20
12/19/2019, 97.25
12/20/2019, 99.29
12/23/2019, 99.82
12/24/2019, 98.83
12/26/2019, 97.46
12/27/2019, 99.63
12/30/2019, 100.02
12/31/2019, 94.10
01/02/2020, 89.67
01/03/2020, 93.79
01/06/2020, 92.66
01/07/2020, 91.07
01/08/2020, 90.21
01/09/2020, 87.81
01/10/2020, 88.33
01/13/2020, 88.48
01/14/2020, 86.87
01/15/2020, 91.15
01/16/2020, 90.38
01/17/2020, 91.75
01/21/2020, 92.98
01/22/2020, 91.11
01/23/2020, 92.54
01/24/2020, 98.43
01/27/2020, 107.39
01/28/2020, 102.11
01/29/2020, 99.07
01/30/2020, 96.49
01/31/2020, 105.60
02/03/2020, 102.95
02/04/2020, 96.18
02/05/2020, 92.82
02/06/2020, 93.61
02/07/2020, 96.01
02/10/2020, 96.81
02/11/2020, 96.96
02/12/2020, 96.65
02/13/2020, 99.17
02/14/2020, 98.17
02/18/2020, 101.02
02/19/2020, 95.92
02/20/2020, 99.48
02/21/2020, 104.86
02/24/2020, 112.72
02/25/2020, 121.01
02/26/2020, 113.44
02/27/2020, 118.00
02/28/2020, 125.73
03/02/2020, 114.69
03/03/2020, 116.72
03/04/2020, 113.97
03/05/2020, 119.66
03/06/2020, 127.16
03/09/2020, 137.19
03/10/2020, 138.82
03/11/2020, 146.93
03/12/2020, 155.05
03/13/2020, 171.28
03/16/2020, 207.59
03/17/2020, 194.43
03/18/2020, 181.33
03/19/2020, 181.76
03/20/2020, 187.18
03/23/2020, 167.93
03/24/2020, 171.91
03/25/2020, 171.89
03/26/2020, 169.58
03/27/2020, 168.71
03/30/2020, 157.66
03/31/2020, 152.92
04/01/2020, 156.99
04/02/2020, 147.33
04/03/2020, 143.52
04/06/2020, 143.30
04/07/2020, 134.45
04/08/2020, 141.37
04/09/2020, 137.75
04/13/2020, 138.68
04/14/2020, 131.78
04/15/2020, 135.93
04/16/2020, 129.55
04/17/2020, 127.15
04/20/2020, 132.04
04/21/2020, 132.22
04/22/2020, 124.10
04/23/2020, 121.86
04/24/2020, 119.88
04/27/2020, 120.56
04/28/2020, 117.79
04/29/2020, 115.98
04/30/2020, 118.53
05/01/2020, 122.15
05/04/2020, 121.25
05/05/2020, 118.87
05/06/2020, 119.16
05/07/2020, 115.83
05/08/2020, 115.65
05/11/2020, 118.71
05/12/2020, 130.75
05/13/2020, 142.75
05/14/2020, 137.05
05/15/2020, 133.02
05/18/2020, 125.90
05/19/2020, 125.60
05/20/2020, 120.04
05/21/2020, 122.08
05/22/2020, 118.38
05/26/2020, 113.59
05/27/2020, 109.82
05/28/2020, 108.99
05/29/2020, 105.60
06/01/2020, 106.47
06/02/2020, 104.83
06/03/2020, 106.85
06/04/2020, 109.88
06/05/2020, 107.59
06/08/2020, 110.05
06/09/2020, 111.00
06/10/2020, 116.53
06/11/2020, 146.84
06/12/2020, 151.60
06/15/2020, 141.83
06/16/2020, 143.24
06/17/2020, 139.94
06/18/2020, 135.29
06/19/2020, 138.35
06/22/2020, 133.98
06/23/2020, 130.73
06/24/2020, 136.89
06/25/2020, 127.20
06/26/2020, 128.63
06/29/2020, 121.32
06/30/2020, 120.76
07/01/2020, 120.83
07/02/2020, 115.47
07/06/2020, 116.57
07/07/2020, 118.12
